timestamp,email_address,work_zip,home_zip,establishment,location_last_haircut,gender,age,race,income,midpoint income,Income_scale,last_haircut,days_last_haircut,days_last_haircut_scale,time_haircut,days_time_haircut,days_time_haircut_scale,products,spend,midpoint_spend,spend_scale,would_spend,midpoint_would_spend,would_spend_scale,current_barber,current_barber_scale,reviews,reviews_scale,price,convenient,atmosphere,amenities,comments
4/10/2018 22:20,fsalvador79@gmail.com,92614,92614,Dankcuts,Laguna Hills,Male,38,Asian / Pacific Islander,"Less than $25,000",125000,1,1 week,14,1,3 weeks,14,3,No,40 +,45,5,41 - 50,65,7,Yelp,1,Yes,1,4,4,4,1,
4/11/2018 11:53,,92660,92677,Salon,Mission Viejo,Male,34,White,"$75,000 to $99,999",125000,5,6 weeks,21,6,3+ months,30,9,No,40 +,15,5,61 - 70,65,6,Referral,2,No,2,5,3,3,1,Ability of the stylist is very important.
4/10/2018 20:48,,92612,92602,Sheer Bliss,Tustin,Female,35,White,"$50,000 to $74,999",125000,4,1 year,90,8,3+ months,90,9,Yes,40 +,45,5,200,45,8,Yelp,1,No,2,5,5,4,4,
4/10/2018 22:22,,92620,92780,18/8,"Irvine, ca",Male,35,Asian / Pacific Islander,"$50,000 to $74,999",125000,4,1 week,30,1,3 weeks,30,3,Yes,40 +,45,5,51 - 60,45,5,Yelp,1,Sometimes,3,3,5,4,4,
4/11/2018 15:00,rlpeterson@gmail.com,97205,97205,Rudy's,"Portland, OR",Male,38,White,"$50,000 to $74,999",125000,4,1 week,30,1,6 weeks,30,6,No,40 +,35,5,41 - 50,35,7,Google,3,Sometimes,3,4,2,3,2,
4/10/2018 21:13,cmully@yahoo.com,92627,92697,Solidarity Barber Shop,"Yorba Linda, CA",Male,33,White,"$35,000 to $49,999",125000,3,1 week,21,1,1 month,30,4,Yes,40 +,35,5,61 - 70,35,6,Friend from Childhood,2,Yes,1,4,3,5,2,
4/10/2018 21:54,Calvinma93@gmail.com,92867,92602,Salon,"Tustin, CA",Male,24,Asian / Pacific Islander,"$35,000 to $49,999",125000,3,2 months ago,7,5,1 month,42,4,No,40 +,25,5,200,35,8,Referral,2,No,2,2,2,5,5,
4/11/2018 12:33,Mtoheany@hotmail.com,92782,92782,Sole Propieter,"Irvine, CA",Male,54,White,"$200,000 or more",125000,8,2 weeks,7,2,5 weeks,60,5,No,40 +,25,5,61 - 70,25,6,Referral,2,No,2,3,4,3,2,I have had the same stylist for over 30 years.
4/12/2018 12:35,Beltranp08@yahoo.com,94404,94115,Cooper Alley & Barber Lane,"San Francisco, CA",Male,38,Asian / Pacific Islander,"$150,000 to $199,999",125000,7,1 month,7,4,2 months,30,8,Yes,40 +,25,5,51 - 60,25,5,Referral,2,No,2,4,2,3,3,
4/10/2018 20:18,tgsxpl@yahoo.com,92660,92661,Tony & Guy,"Newport Beach, CA",Male,48,White,"$100,000 to $149,999",125000,6,3+ months,21,7,3+ months,21,9,No,40 +,25,5,41 - 50,25,7,Walk in,5,No,2,3,5,2,1,I just want to be able to get in and out right away.
4/11/2018 9:07,alby.michaud@gmail.com,92660,92627,Ash+Mae hair loft,"Costa Mesa, CA",Male,32,White,"$100,000 to $149,999",125000,6,1 month,14,4,1 month,30,4,Yes,40 +,25,5,41 - 50,15,7,Referral,2,No,2,1,4,2,2,
4/12/2018 4:45,,90041,91730,Romi Cortier Salon,Los Angeles,Male,37,Asian / Pacific Islander,"$100,000 to $149,999",125000,6,2 weeks,7,2,2 weeks,49,2,Yes,40 +,15,5,61 - 70,15,6,Friend,2,No,2,3,4,2,2,
4/10/2018 20:21,lyniguez@gmail.com,92612,92620,Nolan,Rowland heights ca,Male,35,Asian / Pacific Islander,"$75,000 to $99,999",125000,5,1 week,7,1,3 weeks,7,3,No,31 - 40,0,4,51 - 60,15,5,Referral,2,Sometimes,3,4,3,4,4,"Nope, jus putting something here for text."
4/12/2018 16:13,floydferrer@hotmail.com,90505,90703,House of Blends,"Cerritos, CA",Male,31,Asian / Pacific Islander,"$75,000 to $99,999",175000,5,1 week,21,1,3 weeks,42,3,No,31 - 40,10,4,31 - 40,0,4,Yelp,1,No,2,4,4,5,2,
4/10/2018 20:33,andyfelicitas@gmail.com,92618,92620,Ivy Salon,"Huntington Beach, CA",Male,38,Asian / Pacific Islander,"$200,000 or more",175000,8,1 week,30,1,3 weeks,60,3,No,31 - 40,45,4,41 - 50,55,7,Referral,2,No,2,4,5,3,3,Protect my data!
4/10/2018 21:28,,92122,92037,JDM Salon,"La Mesa, CA",Male,32,White,"$150,000 to $199,999",175000,7,3 weeks,21,3,6 weeks,21,6,No,31 - 40,25,4,41 - 50,55,7,Walk in,5,Sometimes,3,2,3,2,1,
4/11/2018 8:39,,94080,94080,R&B Barbershop,"San Bruno, CA",Male,35,Asian / Pacific Islander,"$100,000 to $149,999",175000,6,1 month,21,4,1 month,42,4,No,31 - 40,35,4,31 - 40,45,4,Yelp,1,Sometimes,3,3,5,1,3,
4/11/2018 12:25,jeff.minhas@gmail.com,92697,92656,Logan Bros,"Aliso Viejo, CA",Male,36,White,"$100,000 to $149,999",175000,6,3 weeks,14,3,1 month,14,4,No,31 - 40,25,4,31 - 40,35,4,Walk in,5,No,2,4,4,3,1,
4/11/2018 9:14,,92660,92618,The Right Hair,"Mission Viejo, CA",,,,,175000,0,2 weeks,14,2,6 weeks,14,6,Yes,31 - 40,15,4,51 - 60,25,5,Yelp,1,No,2,3,4,4,4,
4/11/2018 11:48,david.arthur.steele@gmail.com,94710,94107,Joe's Barbershop,SAN FRANCISCO,Male,41,White,,175000,0,3 weeks,60,3,6 weeks,90,6,No,31 - 40,15,4,41 - 50,25,7,Google,3,Yes,1,4,4,2,1,"The most important factors are the quality and consistency of the cut. When I find a barber who's very good and consistent, I will go to him/her again and again."
4/10/2018 22:48,,91324,91770,Standards Barber Shop,"Northridge, CA",Male,22,Asian / Pacific Islander,"Less than $25,000",225000,1,3 weeks,14,3,1 month,35,4,Yes,21 - 30,45,3,21 - 30,65,3,Referral,2,No,2,5,5,4,3,
4/11/2018 22:26,Kemodo314@gmail.com,92870,91776,Pineapple Barber Shop,"Fullerton, CA",Male,22,Asian / Pacific Islander,"Less than $25,000",225000,1,2 weeks,7,2,1 month,21,4,Yes,21 - 30,35,3,21 - 30,45,3,Referral,2,Sometimes,3,5,5,4,3,Consistency is key 
4/11/2018 22:42,micheal.yuen.1@gmail.com,91403,91733,Standard Barbershop,"Northridge, CA",Male,21,Asian / Pacific Islander,"Less than $25,000",225000,1,2 weeks,7,2,3 weeks,14,3,No,21 - 30,25,3,21 - 30,35,3,Referral,2,Sometimes,3,1,5,3,5,
4/10/2018 20:51,,92740,92647,USS Bolsa Chica Barber Shop,"Huntington Beach, CA",Male,33,White,"$75,000 to $99,999",225000,5,3 weeks,60,3,2 months,60,8,Yes,21 - 30,25,3,21 - 30,25,3,Walk in,5,No,2,4,5,4,4,
4/10/2018 22:46,thugh001@hotmail.com,92618,92618,Ulta,Irvine,Female,33,Black or African American,"$75,000 to $99,999",225000,5,3+ months,7,7,2 months,7,8,No,21 - 30,5,3,100,25,8,Referral,2,Sometimes,3,2,3,3,3,
4/11/2018 6:25,dwheeler9889@gmail.com,92606,92701,Supercuts,"Tustin, CA",Male,28,White,"$75,000 to $99,999",225000,5,1 week,42,1,1 month,42,4,No,21 - 30,15,3,21 - 30,15,3,Walk in,5,Sometimes,3,4,5,2,1,
4/11/2018 9:05,David.South@pacificlife.com,92656,92602,Supercuts,"Aliso Viejo, CA",Male,24,Asian / Pacific Islander,"$75,000 to $99,999",225000,5,1 week,7,1,1 month,14,4,Yes,21 - 30,10,3,61 - 70,10,6,Yelp,1,No,2,4,5,5,1,
4/11/2018 10:16,jose@aagfx.com,90620,92780,True School,Buena Park CA,Male,,Hispanic or Latino,"$75,000 to $99,999",30000,5,3+ months,7,7,3 weeks,14,3,No,21 - 30,25,3,61 - 70,25,6,Referral,2,Yes,1,3,5,4,3,
4/11/2018 6:08,,94720,94609,university hair care,california,Male,38,Asian / Pacific Islander,"$50,000 to $74,999",30000,4,1 month,30,4,6 weeks,30,6,No,21 - 30,15,3,31 - 40,25,4,Referral,2,No,2,3,4,4,3,
4/11/2018 10:53,Ian.abot@gmail.com,91367,91344,The Best Barbershop,"Granada Hills, CA",Male,26,Asian / Pacific Islander,"$50,000 to $74,999",30000,4,1 month,7,4,2 months,14,8,No,21 - 30,10,3,21 - 30,10,3,Referral,2,No,2,3,4,4,3,
4/10/2018 20:54,greenstuffhooligan@gmail.com,92660,92626,Flyod's 99,Irvine,Male,28,White,"$35,000 to $49,999",42000,3,3 weeks,7,3,6 weeks,30,6,No,21 - 30,45,3,31 - 40,65,4,Yelp,1,No,2,4,4,3,1,
4/10/2018 21:16,joshneal619@gmail.com,92606,92691,Eli Alexander Salon,"San Juan Capistrano, CA",Male,26,White,"$35,000 to $49,999",42000,3,1 month,21,4,6 weeks,42,6,No,21 - 30,25,3,21 - 30,35,3,Referral,2,No,2,2,3,3,4,Most Important is the quality of my hair cut
4/11/2018 7:58,pdancel@gmail.com,92887,92887,Sunny Hills Barber Shop Brea,"Brea, CA",Male,27,Asian / Pacific Islander,"$35,000 to $49,999",42000,3,3 weeks,7,3,1 month,7,4,No,21 - 30,0,3,21 - 30,35,3,Walk in,5,Yes,1,4,4,1,1,Good luck! Pick my name for the gift card! lol
4/10/2018 21:17,maxfernandoayala@gmail.com,92801,92805,Pineapples barbershop,Fullerton,Male,21,Hispanic or Latino,"$25,000 to $34,999",42000,2,1 week,30,1,2 weeks,42,2,No,21 - 30,25,3,21 - 30,25,3,Referral,2,No,2,5,1,1,1,
4/11/2018 11:24,jerm122@yahoo.com,92821,92630,JohnÌ¢‰âÂ‰ã¢s Barber Lounge,"Lake Forest, CA",Male,37,Asian / Pacific Islander,"$200,000 or more",42000,8,1 week,21,1,2 weeks,30,2,No,21 - 30,25,3,31 - 40,25,4,Yelp,1,No,2,4,5,4,1,
4/11/2018 14:37,jaspretb@hotmail.com,92506,92887,Supercut,Yorba Linda CA,Male,40,Asian / Pacific Islander,"$200,000 or more",42000,8,2 months ago,14,5,2 months,60,8,No,21 - 30,15,3,21 - 30,15,3,Walk in,5,No,2,3,5,3,3,Mainly I like stylist to be available in 5 minutes or less. Also I have tried expensive hair cut places. Took like 45 minutes to cut my hair. Way too long and boring for a short man haircut. Prefer to be done in 10 minutes. 
4/11/2018 9:07,josh.lauman@pacificlife.com,92656,92629,Wally's Barber Shop,"Laguna Beach,  CA",Male,37,White,"$150,000 to $199,999",42000,7,3 weeks,60,3,3 weeks,30,3,No,21 - 30,45,3,51 - 60,200,5,Yelp,1,No,2,3,5,3,2,
4/12/2018 14:51,robertoross@gmail.com,98065,98065,Great clips,"Snoqualmie, WA",Male,31,Hispanic or Latino,"$150,000 to $199,999",62000,7,2 weeks,7,2,2 weeks,21,2,No,21 - 30,45,3,31 - 40,55,4,Yelp,1,Yes,1,3,1,3,2,
4/10/2018 20:54,,92649,92663,Fantastic Sams,"Huntington Beach, CA",Male,31,White,"$100,000 to $149,999",62000,6,1 week,30,1,6 weeks,90,6,No,21 - 30,10,3,31 - 40,55,4,Walk in,5,No,2,2,5,1,1,
4/11/2018 9:39,,92660,92618,Fantastic Sams,"Irvine, CA",Male,35,White,"$100,000 to $149,999",62000,6,1 week,7,1,2 months,42,8,No,21 - 30,45,3,21 - 30,45,3,Walk in,5,No,2,5,5,3,1,
4/11/2018 11:58,kento.fukushima@pacificlife.com,92660,92626,East West Hair,Costa Mesa,Male,31,Asian / Pacific Islander,"$100,000 to $149,999",62000,6,1 week,30,1,1 month,42,4,No,21 - 30,25,3,21 - 30,35,3,Walk in,5,No,2,4,5,3,2,
4/11/2018 14:09,Poolen@gmail.com,91910,92104,Normal Heights Barber Shop,"San Diego, CA ",Male,31,White,"$100,000 to $149,999",62000,6,3 weeks,30,3,3 weeks,60,3,No,21 - 30,25,3,21 - 30,25,3,Yelp,1,Sometimes,3,3,3,3,1,
4/11/2018 14:29,nilaxpatel@gmail.com,92821,92879,Straight Up Barber Shop ,Brea,Male,39,Other,"$100,000 to $149,999",62000,6,2 weeks,14,2,1 month,14,4,No,21 - 30,15,3,20-Nov,25,2,Yelp,1,Yes,1,5,3,3,1,
4/11/2018 6:58,,92108,92123,Dinks barbershop,San Diego Ca ,Male,33,Asian / Pacific Islander,,62000,0,2 weeks,21,2,2 weeks,28,2,Yes,21 - 30,15,3,21 - 30,25,3,Referral,2,No,2,4,5,3,4,
4/12/2018 9:43,frank.chen@pacificlife.com,92660,92627,Salon 47,Costa Mesa,Male,46,Asian / Pacific Islander,,62000,0,1 month,7,4,1 month,14,4,No,21 - 30,15,3,21 - 30,25,3,discovered from driving by,5,No,2,2,5,1,1,
4/10/2018 20:55,Peten24@yahoo.com,92606,92604,Barber shop,"Tustin, california",Male,36,Asian / Pacific Islander,"Less than $25,000",62000,1,2 weeks,30,2,2 weeks,42,2,No,20-Nov,15,2,31 - 40,25,4,Referral,2,No,2,4,4,3,2,
4/10/2018 23:40,randychang97@gmail.com,93117,95127,Kane's Barbershop,"San Jose, CA",Male,,Asian / Pacific Islander,"Less than $25,000",62000,1,2 weeks,30,2,2 weeks,30,2,No,20-Nov,15,2,21 - 30,15,3,Referral,2,No,2,5,5,3,3,
4/11/2018 15:24,eryksd@gmail.com,92126,92126,"andy, this barber close to my house in zip 92126","san diego, ca",Male,32,White,"Less than $25,000",62000,1,3 weeks,14,3,6 weeks,21,6,No,20-Nov,15,2,20-Nov,15,2,Referral,2,Sometimes,3,4,1,3,1,how important is haircut = 5
4/10/2018 20:53,chris.j.gargano@gmail.com,92614,92663,Home,Newport Beach,Male,28,White,"$75,000 to $99,999",62000,5,1 week,7,1,6 weeks,14,6,No,20-Nov,10,2,20-Nov,15,2,Walk in,5,No,2,5,5,5,4,
4/11/2018 9:07,,92660,92782,Great Clips,"Escondido, CA",Male,23,White,"$75,000 to $99,999",62000,5,2 months ago,365,5,3+ months,90,9,No,20-Nov,45,2,20-Nov,200,2,Walk in,5,No,2,4,4,3,1,
4/11/2018 9:07,diephenry95@gmail.com,92656,92630,Friend's apartment,"Irvine, California",Male,22,Asian / Pacific Islander,"$75,000 to $99,999",87000,5,1 week,42,1,3 weeks,90,3,Yes,20-Nov,45,2,20-Nov,65,2,Referral,2,No,2,4,5,2,1,
4/11/2018 10:40,hungbydesign@gmail.com,92612,92782,Basic Barber,Costa Mesa,Male,38,Asian / Pacific Islander,"$75,000 to $99,999",87000,5,1 week,7,1,3 weeks,30,3,Yes,20-Nov,25,2,21 - 30,65,3,Referral,2,No,2,4,4,2,1,
4/11/2018 11:53,Bshahian@gmail.com,92618,90808,Today Barber ,"Costa Mesa, CA",Male,30,White,"$75,000 to $99,999",87000,5,1 week,90,1,3 weeks,21,3,No,20-Nov,25,2,20-Nov,65,2,Yelp,1,No,2,4,5,4,2,Hard for me to leave my favorite barber. For price and results! 
4/10/2018 22:18,,90810,91748,Home,"Los Angeles, California",Male,35,Asian / Pacific Islander,"$50,000 to $74,999",87000,4,2 weeks,7,2,2 weeks,21,2,No,20-Nov,35,2,21 - 30,55,3,Walk in,5,No,2,4,4,3,1,
4/11/2018 9:56,,91910,91912,Alberto's Barber,"Chula Vista, CA",Male,33,Hispanic or Latino,"$50,000 to $74,999",87000,4,1 month,7,4,1 month,21,4,No,20-Nov,35,2,20-Nov,35,2,Yelp,1,Sometimes,3,5,4,1,3,
4/11/2018 10:04,Nickengland858@gmail.com,92821,91766,Wow Cuts,Chino,Male,26,White,"$50,000 to $74,999",87000,4,3 weeks,90,3,4 weeks,90,4,No,20-Nov,10,2,21 - 30,35,3,Referral,2,No,2,4,4,1,2,
4/11/2018 10:44,afan.sd@gmail.com,92618,92614,Barbershop in Stonecreek Plaza,Irvine,Male,24,Asian / Pacific Islander,"$50,000 to $74,999",87000,4,2 weeks,21,2,3 weeks,14,3,No,20-Nov,0,2,20-Nov,35,2,Referral,2,No,2,5,4,3,3,
4/11/2018 11:42,,91010,91106,One Stop Hair Design,"San Gabriel, CA",Male,39,Asian / Pacific Islander,"$50,000 to $74,999",87000,4,1 week,21,1,2 weeks,60,2,No,20-Nov,25,2,21 - 30,25,3,Referral,2,No,2,4,5,4,4,
4/12/2018 7:14,,98052,8125,Unique Barber Shop,"Seattle, WA",Male,23,White,"$50,000 to $74,999",87000,4,1 month,7,4,6 weeks,30,6,No,20-Nov,25,2,21 - 30,25,3,Yelp,1,Sometimes,3,4,4,1,1,
4/10/2018 20:47,,92618,92683,William's Barber Shop,Garden Grove,Male,28,Asian / Pacific Islander,"$35,000 to $49,999",87000,3,2 weeks,7,2,2 months,21,8,No,20-Nov,15,2,20-Nov,25,2,Yelp,1,Sometimes,3,5,5,2,1,
4/10/2018 22:04,,92121,92009,American Deluxe Barbershop,"Encinitas, CA",Male,30,Asian / Pacific Islander,"$25,000 to $34,999",87000,2,1 month,7,4,1 month,42,4,Yes,20-Nov,15,2,21 - 30,15,3,Yelp,1,Yes,1,4,5,4,1,
4/11/2018 10:16,ddawright@gmail.com,93003,93021,Fantastic Sams,Moorpark,Male,45,White,"$200,000 or more",87000,8,6 weeks,60,6,6 weeks,90,6,No,20-Nov,15,2,20-Nov,15,2,Walk in,5,Sometimes,3,5,5,2,1,
4/11/2018 14:22,avinashous@yahoo.com,94301,94568,Sports clips,Ca,Male,39,Asian / Pacific Islander,"$150,000 to $199,999",87000,7,2 weeks,7,2,2 weeks,21,2,No,20-Nov,15,2,21 - 30,15,3,Walk in,5,No,2,5,5,4,2,
4/12/2018 8:43,Brightenburg.rj@gmail.com,90745,90706,"Small local shop, can't remember the name. ",Lakewood California ,Male,28,White,"$150,000 to $199,999",87000,7,2 months ago,7,5,3+ months,21,9,No,20-Nov,15,2,21 - 30,15,3,Yelp,1,Sometimes,3,3,4,2,1,
4/10/2018 22:47,mrjoshuar@msn.com,92832,92832,Supercuts,"Fullerton, ca",Male,35,Asian / Pacific Islander,"$100,000 to $149,999",87000,6,3 weeks,21,3,1 month,21,4,No,20-Nov,0,2,61 - 70,15,6,Walk in,5,No,2,3,1,1,2,
4/11/2018 13:20,,92822,92612,Great clips,irvine,Male,39,Asian / Pacific Islander,"$100,000 to $149,999",87000,6,1 week,90,1,7 weeks,60,7,No,20-Nov,25,2,20-Nov,100,2,Walk in,5,No,2,3,4,3,1,
4/10/2018 23:40,,95054,94541,Hair Studio,"San Lorenzo, CA",Male,30,Asian / Pacific Islander,,25000,0,1 week,7,1,3 weeks,21,3,No,20-Nov,45,2,20-Nov,45,2,Referral,2,Yes,1,5,2,2,2,"Price, consistency, and value are the biggest factors for me. I struggle to understand how expensive haircuts at boutique shops provide better value than a shop at a barbershop or salon. "
4/10/2018 22:05,mark@phoenixpwm.com,92131,92123,Self-Apt,"San Diego, CA",Male,35,Asian / Pacific Islander,"$35,000 to $49,999",25000,3,1 week,14,1,1 week,14,1,No,0 - self cut,15,0,31 - 40,35,4,,0,No,2,5,5,3,3,
4/10/2018 20:50,hellox1994@yahoo.com,92843,92843,Rex's,"Garden Grove, CA",Male,23,Asian / Pacific Islander,"Less than $25,000",25000,1,2 weeks,21,2,3+ months,30,9,No,10,25,1,10,25,1,Walk in,5,No,2,5,4,4,3,I would like to win the gift card! :)
4/11/2018 15:21,bryan8nguyen@gmail.com,92708,92703,Friend,"Santa Ana,CA",Male,23,Asian / Pacific Islander,"Less than $25,000",25000,1,2 weeks,14,2,2 weeks,30,2,No,10,25,1,20-Nov,25,2,Friend ,0,No,2,4,4,3,2,
4/10/2018 21:12,Siddharb@gmail.com,94024,94040,San Diego Barber shop,San Diego,Male,33,Asian / Pacific Islander,"$75,000 to $99,999",25000,5,3+ months,14,7,3+ months,21,9,No,10,25,1,31 - 40,25,4,Referral,2,No,2,5,5,5,3,I don't really get haircuts
4/10/2018 20:47,,92675,90803,AKA Salon,"Irvine, CA",Female,37,White,"$50,000 to $74,999",25000,4,1 month,14,4,3+ months,14,9,No,10,15,1,51 - 60,25,5,"She's my best friend, my haircuts are free",0,Sometimes,3,2,1,2,1,"The most important quality for me is the ability of the stylist, regardless of price and convenience.  I don't trust anyone with my hair!"
4/10/2018 20:54,,92806,92806,Barber,Santa Ana,Male,30,White,"$50,000 to $74,999",25000,4,1 week,21,1,2 weeks,42,2,No,10,15,1,20-Nov,15,2,Walk in,5,No,2,4,5,4,3,haircuts make me feel fresh
4/10/2018 20:50,Rydelro@gmail.com,91746,92880,None,"Eastvale, ca",Male,35,Asian / Pacific Islander,"$25,000 to $34,999",25000,2,1 week,14,1,2 weeks,14,2,No,10,10,1,10,15,1,Referral,2,No,2,5,5,5,5,
4/10/2018 21:06,chrisrchi@gmail.com,20815,20816,Home,Bethesda,Male,32,Asian / Pacific Islander,"$200,000 or more",25000,8,1 week,14,1,2 weeks,90,2,No,10,10,1,10,10,1,Myself,0,Sometimes,3,5,5,1,1,I cut my own hair and i shave my head
4/10/2018 21:21,joshbooya@gmail.com,92612,90807,Home / Restroom,Fountain Valley,Male,32,Asian / Pacific Islander,"$150,000 to $199,999",0,7,3 weeks,14,3,6 weeks,42,6,No,10,35,1,Actually paid $0 for all hair cuts,55,0,Mother-In-Law,0,Yes,1,5,1,1,1,
4/11/2018 15:12,,92647,92647,Trends,Huntington Beach,Male,,,,0,0,2 weeks,21,2,3 weeks,42,3,No,10,35,1,20-Nov,45,2,Referral,2,No,2,4,4,4,1,
4/11/2018 22:07,,90025,90025,My shower,Los Angeles ca ,Male,32,White,"$200,000 or more",0,8,1 week,14,1,1 week,14,1,No,5,25,1,21 - 30,25,3,,0,,0,4,4,3,2,
4/11/2018 10:51,,92618,92627,Home,"Costa Mesa, CA",Male,30,White,"$75,000 to $99,999",0,5,3 weeks,30,3,3 weeks,30,3,No,0,25,0,20-Nov,25,2,None,0,No,2,4,4,2,1,
4/11/2018 15:13,Busa40@gmail.com,94105,94546,N/A,Alameda,Male,34,Asian / Pacific Islander,"$75,000 to $99,999",0,5,3 weeks,7,3,2 weeks,21,2,No,0,15,0,31 - 40,15,4,Friend,2,Sometimes,3,3,2,4,4,
4/11/2018 12:33,jabeleda@gmail.com,10019,10028,N/A,"New York, NY",Male,32,Asian / Pacific Islander,"$100,000 to $149,999",0,6,1 week,14,1,1 week,21,1,No,0,10,0,20-Nov,15,2,N/A,0,No,2,5,5,5,2,
